{"validation_accuracy": 0.3, "training_accuracy": 0.3054645927138764, "_timestamp": 1684197425.9001393, "_runtime": 865.5827734470367, "_step": 0, "_wandb": {"runtime": 864}}