{"validation_accuracy": 0.3205, "training_loss": 0.7711625051166598, "_timestamp": 1684484878.9996626, "_runtime": 1534.0843176841736, "_step": 0, "_wandb": {"runtime": 1533}}