{"validation_accuracy": 0.32025, "training_loss": 0.7099672533769955, "_timestamp": 1684496575.5281463, "_runtime": 1335.486129283905, "_step": 0, "_wandb": {"runtime": 1334}}