{"validation_accuracy": 0.003, "training_loss": 0.0011665984445354072, "_timestamp": 1684439099.369933, "_runtime": 1746.8234357833862, "_step": 0, "_wandb": {"runtime": 1745}}