{"validation_accuracy": 0.0, "training_loss": 0.0, "_timestamp": 1684465508.8777459, "_runtime": 930.2126979827881, "_step": 0, "_wandb": {"runtime": 929}}