{"validation_accuracy": 0.0135, "training_accuracy": 0.0029881293491608677, "_timestamp": 1684199058.230422, "_runtime": 670.2470240592957, "_step": 0, "_wandb": {"runtime": 669}}