{"validation_accuracy": 0.0, "training_accuracy": 0.0, "_timestamp": 1684185294.0347195, "_runtime": 67.80801057815552, "_step": 0, "_wandb": {"runtime": 67}}