{"validation_accuracy": 0.2375, "training_accuracy": 0.2907695456406058, "_timestamp": 1684206439.3778386, "_runtime": 560.8922426700592, "_step": 0, "_wandb": {"runtime": 560}}