{"validation_accuracy": 0.22575, "training_accuracy": 0.25591485878018827, "_timestamp": 1684186005.9313977, "_runtime": 656.4972457885742, "_step": 0, "_wandb": {"runtime": 655}}