{"validation_accuracy": 0.04575, "training_accuracy": 0.020323372902169463, "_timestamp": 1684193776.4898782, "_runtime": 1120.6523852348328, "_step": 0, "_wandb": {"runtime": 1119}}