{"validation_accuracy": 0.334, "training_accuracy": 0.46641424478100696, "_timestamp": 1684210466.7707603, "_runtime": 1111.2528994083405, "_step": 0, "_wandb": {"runtime": 1110}}