{"validation_accuracy": 0.14075, "training_loss": 0.11498158002455997, "_timestamp": 1684489902.6747575, "_runtime": 1510.8965125083923, "_step": 0, "_wandb": {"runtime": 1510}}