{"validation_accuracy": 0.1705, "training_accuracy": 0.16412198117069177, "_timestamp": 1684201003.3481078, "_runtime": 984.0187408924103, "_step": 0, "_wandb": {"runtime": 983}}