{"validation_accuracy": 0.1675, "training_loss": 0.16334424887433482, "_timestamp": 1684495084.1735654, "_runtime": 1162.1654193401337, "_step": 0, "_wandb": {"runtime": 1161}}