{"validation_accuracy": 0.0, "training_loss": 0.0, "_timestamp": 1684433714.7576163, "_runtime": 1361.484036207199, "_step": 0, "_wandb": {"runtime": 1360}}