{"validation_accuracy": 0.0, "training_loss": 0.0, "_timestamp": 1684458687.5314453, "_runtime": 931.5980613231659, "_step": 0, "_wandb": {"runtime": 930}}