{"validation_accuracy": 0.0, "training_loss": 0.0, "_timestamp": 1684460754.3612401, "_runtime": 1104.0992822647095, "_step": 0, "_wandb": {"runtime": 1103}}