{"validation_accuracy": 0.0655, "_timestamp": 1684430953.484509, "_runtime": 703.3248748779297, "_step": 0, "_wandb": {"runtime": 702}}