{"validation_accuracy": 0.1655, "_timestamp": 1684184785.6991363, "_runtime": 131.49661231040955, "_step": 0, "_wandb": {"runtime": 130}}