{"validation_accuracy": 0.2345, "training_accuracy": 0.2997339336880884, "_timestamp": 1684228526.286366, "_runtime": 1100.7059390544891, "_step": 0, "_wandb": {"runtime": 1099}}