{"validation_accuracy": 0.2085, "training_accuracy": 0.24404420794105608, "_timestamp": 1684212736.672416, "_runtime": 1295.6229920387268, "_step": 0, "_wandb": {"runtime": 1294}}