{"validation_accuracy": 0.32275, "_timestamp": 1684184422.0405128, "_runtime": 104.54339790344238, "_step": 0, "_wandb": {"runtime": 103}}