{"validation_accuracy": 0.0005, "training_loss": 0.00010233319688907081, "_timestamp": 1684441506.0912929, "_runtime": 1444.3715648651123, "_step": 0, "_wandb": {"runtime": 1442}}