{"validation_accuracy": 0.0, "training_loss": 0.0, "_timestamp": 1684436391.1529865, "_runtime": 1707.0978055000305, "_step": 0, "_wandb": {"runtime": 1706}}