{"validation_accuracy": 0.1815, "training_accuracy": 0.18434302087597215, "_timestamp": 1684208393.2356772, "_runtime": 991.0303611755371, "_step": 0, "_wandb": {"runtime": 990}}