{"validation_accuracy": 0.26225, "training_loss": 0.42744576340564877, "_timestamp": 1684481787.1288836, "_runtime": 1845.8787505626678, "_step": 0, "_wandb": {"runtime": 1845}}