{"validation_accuracy": 0.00475, "_timestamp": 1684178757.2548733, "_runtime": 2530.148639202118, "_step": 0, "_wandb": {"runtime": 2529}}