{"validation_accuracy": 0.31925, "training_loss": 0.752537863282849, "_timestamp": 1684499504.243242, "_runtime": 1567.7073600292206, "_step": 0, "_wandb": {"runtime": 1566}}