{"validation_accuracy": 0.00075, "training_loss": 0.00012279983626688497, "_timestamp": 1684452458.7846668, "_runtime": 1192.3951296806335, "_step": 0, "_wandb": {"runtime": 1191}}