{"validation_accuracy": 0.119, "_timestamp": 1684131516.424007, "_runtime": 1454.6218650341034, "_step": 0, "_wandb": {"runtime": 1453}}