{"validation_accuracy": 0.0, "training_accuracy": 0.0, "_timestamp": 1684217990.7200446, "_runtime": 731.2340846061707, "_step": 0, "_wandb": {"runtime": 730}}