{"validation_accuracy": 0.1655, "training_accuracy": 0.11598444535407286, "_timestamp": 1684204908.6256514, "_runtime": 849.0537824630737, "_step": 0, "_wandb": {"runtime": 848}}