{"validation_accuracy": 0.3275, "training_accuracy": 0.4301678264428981, "_timestamp": 1684203078.2024121, "_runtime": 1110.700804233551, "_step": 0, "_wandb": {"runtime": 1109}}