{"validation_accuracy": 0.00125, "training_loss": 6.139991813344248e-05, "_timestamp": 1684431988.4343739, "_runtime": 59.86598587036133, "_step": 0, "_wandb": {"runtime": 58}}