{"validation_accuracy": 0.001, "training_accuracy": 0.0001637331150225133, "_timestamp": 1684234250.874741, "_runtime": 639.3725891113281, "_step": 0, "_wandb": {"runtime": 638}}