{"validation_accuracy": 0.009, "training_accuracy": 0.005771592304543594, "_timestamp": 1684216300.529907, "_runtime": 699.9672639369965, "_step": 0, "_wandb": {"runtime": 699}}