{"validation_accuracy": 0.00025, "training_loss": 0.0, "_timestamp": 1684432069.427305, "_runtime": 61.31964087486267, "_step": 0, "_wandb": {"runtime": 60}}