{"validation_accuracy": 0.0545, "_timestamp": 1684183816.8247364, "_runtime": 59.47396636009216, "_step": 0, "_wandb": {"runtime": 58}}