{"validation_accuracy": 0.24775, "training_accuracy": 0.265309046254605, "_timestamp": 1684224146.1327198, "_runtime": 560.7633616924286, "_step": 0, "_wandb": {"runtime": 559}}