{"validation_accuracy": 0.302, "training_loss": 0.7949038067949242, "_timestamp": 1684487200.187547, "_runtime": 2032.2315640449524, "_step": 0, "_wandb": {"runtime": 2031}}