{"validation_accuracy": 0.22425, "_timestamp": 1684133583.101266, "_runtime": 1428.5788428783417, "_step": 0, "_wandb": {"runtime": 1427}}