{"validation_accuracy": 0.0, "training_loss": 0.0, "_timestamp": 1684454562.9538767, "_runtime": 1141.9486918449402, "_step": 0, "_wandb": {"runtime": 1141}}