{"validation_accuracy": 0.0, "_timestamp": 1684184868.8712249, "_runtime": 65.96530890464783, "_step": 0, "_wandb": {"runtime": 65}}