{"validation_accuracy": 0.33425, "_timestamp": 1684184045.2096207, "_runtime": 140.71935772895813, "_step": 0, "_wandb": {"runtime": 139}}