{"validation_accuracy": 0.149, "training_loss": 0.15613999181334426, "_timestamp": 1684492656.513015, "_runtime": 1171.062432050705, "_step": 0, "_wandb": {"runtime": 1170}}