{"validation_accuracy": 0.11575, "_timestamp": 1684184541.0222852, "_runtime": 110.74902415275574, "_step": 0, "_wandb": {"runtime": 109}}